1.02,0.0309,0.08320000000000001,0.6565000000000001,1.0530000000000002,0.052500000000000005,0.0909,1.066,0.051500000000000004,0.0505,0.06,0.05700000000000001,1.37,1.77,1.27,1.24,0.05651623235151626,0.07767635870273133,0.06399349624864922,0.057284892491679514
0.69,0.0324,0.0824,0.9229999999999999,1.0334999999999999,0.054000000000000006,0.0954,0.8839999999999999,0.0505,0.0505,0.051500000000000004,0.0505,1.55,1.25,1.32,0.98,0.08047594039202592,0.056570783215947634,0.05495870553750782,0.05896511580385708
0.9179999999999999,0.0315,0.08,0.663,1.014,0.052000000000000005,0.0936,0.9359999999999999,0.052500000000000005,0.053500000000000006,0.057999999999999996,0.05700000000000001,1.07,1.71,1.06,1.22,0.062417624899877774,0.08076950920775153,0.06515864864685336,0.06501752293841381
0.9359999999999999,0.0324,0.08720000000000001,0.78,0.9685,0.05,0.0927,0.8515,0.05450000000000001,0.05500000000000001,0.051000000000000004,0.0505,1.79,1.65,1.47,1.2,0.06672756380503007,0.07332611799831176,0.060208680948201726,0.06303223278686161
0.75,0.0309,0.08800000000000001,0.9685,0.7865,0.051500000000000004,0.0963,0.7474999999999999,0.05500000000000001,0.057999999999999996,0.052500000000000005,0.053500000000000006,2.0,1.8900000000000001,1.58,1.33,0.08347350802889429,0.06384528308221595,0.08121513690411945,0.07942611759144916
0.648,0.0303,0.08320000000000001,0.9099999999999999,0.78,0.052500000000000005,0.0981,0.7150000000000001,0.053500000000000006,0.05500000000000001,0.0595,0.053000000000000005,1.24,1.37,1.2,1.1600000000000001,0.08915472120048705,0.060772220845969456,0.08762224362103631,0.07693515571697215
0.66,0.0303,0.0816,1.0270000000000001,0.9099999999999999,0.0505,0.09720000000000001,0.7605,0.05500000000000001,0.059,0.054000000000000006,0.05700000000000001,1.3,1.8,1.18,1.27,0.08937278022692635,0.0583542467815186,0.0708921291868243,0.08128355465207099
0.816,0.0327,0.0816,0.7280000000000001,0.8905000000000001,0.054000000000000006,0.0981,0.9035000000000001,0.05600000000000001,0.054000000000000006,0.05450000000000001,0.051000000000000004,1.48,1.75,1.3,1.28,0.07674336846885395,0.07587228871009265,0.07081619375875724,0.06106054324795025
0.624,0.0303,0.08320000000000001,1.092,0.767,0.054000000000000006,0.09,0.676,0.051500000000000004,0.05500000000000001,0.052500000000000005,0.056499999999999995,1.88,1.58,1.49,1.07,0.09149298826205943,0.053691283084466655,0.08068300919030205,0.09072632041959192
0.624,0.0303,0.08720000000000001,0.9815,0.8580000000000001,0.0505,0.0909,1.0530000000000002,0.053000000000000005,0.05450000000000001,0.051500000000000004,0.052000000000000005,1.53,1.5699999999999998,1.37,1.1300000000000001,0.09305487186750046,0.05696172590816992,0.06650585264384111,0.0525558654064594
0.9539999999999998,0.0324,0.0824,0.8645,0.6695000000000001,0.054000000000000006,0.0963,0.7474999999999999,0.053500000000000006,0.053500000000000006,0.056499999999999995,0.0595,1.8900000000000001,1.35,1.48,1.02,0.06356469708706503,0.06495613099444367,0.09647055773369848,0.08445771071744054
0.828,0.032100000000000004,0.0816,1.0855,0.8515,0.053500000000000006,0.0954,0.793,0.05450000000000001,0.0595,0.051500000000000004,0.053000000000000005,1.5699999999999998,1.83,1.26,1.26,0.07137873307050917,0.0567634926354318,0.07214439929804747,0.07350271895833106
0.78,0.033,0.08800000000000001,0.7150000000000001,0.6825000000000001,0.0505,0.0909,0.663,0.06,0.0595,0.05450000000000001,0.05600000000000001,1.76,1.9,1.47,1.32,0.08923834462708669,0.08691182716982222,0.09916865101693675,0.0951518683378407
0.744,0.0312,0.08320000000000001,0.7280000000000001,0.9229999999999999,0.051500000000000004,0.0909,0.8515,0.057499999999999996,0.052500000000000005,0.057499999999999996,0.054000000000000006,1.07,1.46,1.06,1.11,0.08299723836318813,0.07221071445687885,0.06985006111142886,0.06654235484862732
0.96,0.0318,0.08560000000000001,0.754,1.092,0.052000000000000005,0.0927,0.767,0.051000000000000004,0.052000000000000005,0.0595,0.052000000000000005,1.44,1.81,1.28,1.34,0.05915721021753745,0.07013081468490302,0.06421329241008353,0.07245307530450575
0.9779999999999999,0.0306,0.0864,0.8385,0.6955000000000001,0.05500000000000001,0.0927,0.9035000000000001,0.058499999999999996,0.051000000000000004,0.057499999999999996,0.058499999999999996,1.87,1.65,1.61,1.1400000000000001,0.06769288314045482,0.06289403057365824,0.0946505800436719,0.07120900642856741
0.888,0.0327,0.084,0.8125,0.7865,0.0505,0.09,0.793,0.05700000000000001,0.0505,0.056499999999999995,0.053000000000000005,1.4,1.08,1.32,0.93,0.07052961153467642,0.06276114852976504,0.07856456755038473,0.06827780498932061
0.792,0.0306,0.0824,0.8969999999999999,1.04,0.054000000000000006,0.09720000000000001,0.8905000000000001,0.05550000000000001,0.051000000000000004,0.052500000000000005,0.05500000000000001,1.49,2.0,1.37,1.33,0.0766256709164147,0.05775363368969993,0.060306401925784694,0.06804439236922077
0.642,0.0324,0.0816,0.6955000000000001,0.9880000000000001,0.051500000000000004,0.0981,0.7344999999999999,0.0595,0.051500000000000004,0.056499999999999995,0.056499999999999995,1.08,1.01,1.07,0.9,0.09984823189342902,0.07416518317663372,0.06311331163244507,0.0779032347051122
0.75,0.0327,0.08560000000000001,1.0790000000000002,1.0530000000000002,0.051500000000000004,0.0927,0.7474999999999999,0.054000000000000006,0.052500000000000005,0.053500000000000006,0.057499999999999996,1.94,1.11,1.54,0.87,0.08027453412412433,0.05178829793268313,0.05615310315500834,0.07881198439703553
0.87,0.0324,0.08320000000000001,0.7605,0.9295,0.053000000000000005,0.0945,0.7020000000000001,0.058499999999999996,0.052500000000000005,0.059,0.0505,1.77,1.6400000000000001,1.5,1.28,0.0765289614905691,0.07162867669313921,0.07477182349437504,0.07629897219699475
0.9779999999999999,0.0312,0.0864,0.7410000000000001,1.014,0.053000000000000005,0.099,0.7280000000000001,0.051500000000000004,0.06,0.059,0.05,1.12,1.43,1.06,1.2,0.05755622975778342,0.08138664558799719,0.0667991535024272,0.07103042845349151
0.69,0.0303,0.08560000000000001,0.7605,0.676,0.053500000000000006,0.09179999999999999,1.105,0.051500000000000004,0.0595,0.051500000000000004,0.053000000000000005,1.51,1.75,1.29,1.19,0.08395189804042165,0.0805632832292586,0.0858339814869171,0.05331671369363935
0.846,0.0312,0.0816,0.754,0.9685,0.051500000000000004,0.09179999999999999,1.0010000000000001,0.05500000000000001,0.052000000000000005,0.05550000000000001,0.056499999999999995,1.44,2.0,1.31,1.33,0.07200269298173705,0.07004731435659492,0.06651286586486886,0.06226419541259058
0.9359999999999999,0.032100000000000004,0.08800000000000001,0.9750000000000001,0.8320000000000001,0.054000000000000006,0.0945,0.9295,0.053000000000000005,0.054000000000000006,0.052000000000000005,0.053000000000000005,1.67,1.08,1.4000000000000001,0.87,0.06261053337331583,0.0571362251114579,0.06777764082362872,0.05863012904757661
0.8220000000000001,0.0327,0.084,0.8969999999999999,0.9815,0.052500000000000005,0.09,0.7020000000000001,0.05550000000000001,0.059,0.05550000000000001,0.052000000000000005,1.26,1.6099999999999999,1.1400000000000001,1.18,0.07315702577238845,0.06664826354334318,0.06602676739988156,0.07862194298960727
0.96,0.0312,0.0816,0.8125,0.9750000000000001,0.051500000000000004,0.0909,0.9359999999999999,0.0505,0.053000000000000005,0.05450000000000001,0.052000000000000005,1.71,1.96,1.3800000000000001,1.35,0.0591354559038453,0.06755273650126675,0.06508423237579188,0.060867653707359214
1.002,0.0318,0.0816,1.0725,1.04,0.05450000000000001,0.0927,0.7865,0.052500000000000005,0.057499999999999996,0.057999999999999996,0.05550000000000001,1.75,1.32,1.35,1.01,0.05745205551403791,0.05576290660167477,0.06246909858223211,0.07324164424849298
0.9419999999999998,0.0306,0.0808,0.9880000000000001,0.949,0.053500000000000006,0.0963,0.7735,0.053500000000000006,0.05550000000000001,0.05450000000000001,0.0505,1.9100000000000001,1.94,1.48,1.3800000000000001,0.06329187962597568,0.058954986145235096,0.06946711519743315,0.07177991106536918
0.624,0.033,0.0848,0.9295,0.6825000000000001,0.052500000000000005,0.0927,1.04,0.053500000000000006,0.052500000000000005,0.0595,0.052500000000000005,1.75,1.31,1.45,1.08,0.09601304150559965,0.059546549216195226,0.09505871431962533,0.052671892788543465
0.996,0.0303,0.0808,0.8969999999999999,0.78,0.052000000000000005,0.0945,0.7280000000000001,0.0505,0.053500000000000006,0.05500000000000001,0.058499999999999996,1.79,1.87,1.42,1.28,0.05661286049089304,0.061926511719032115,0.08597667604606854,0.08933000243145651
0.816,0.0309,0.0824,0.9359999999999999,1.0334999999999999,0.052500000000000005,0.0981,0.9685,0.053000000000000005,0.05,0.05500000000000001,0.057499999999999996,1.6099999999999999,1.9100000000000001,1.4000000000000001,1.3,0.07130087070985182,0.05488558056537829,0.061983024574938254,0.06464664149957579
0.612,0.0303,0.0824,0.9229999999999999,0.6825000000000001,0.0505,0.0963,0.7280000000000001,0.057999999999999996,0.057499999999999996,0.053000000000000005,0.06,1.75,1.8900000000000001,1.47,1.29,0.10560646638061724,0.06534330102648618,0.09573945843369659,0.09282925384546681
0.684,0.0327,0.08320000000000001,0.9099999999999999,0.9099999999999999,0.054000000000000006,0.0945,0.9945,0.053500000000000006,0.0595,0.052000000000000005,0.057999999999999996,1.6600000000000001,1.3599999999999999,1.32,0.9500000000000001,0.08721538451813171,0.06861365856822177,0.06291578074312364,0.061350735106023895
0.8220000000000001,0.0327,0.08560000000000001,1.0855,0.8839999999999999,0.051000000000000004,0.0981,0.8515,0.058499999999999996,0.057999999999999996,0.05450000000000001,0.052000000000000005,1.97,1.44,1.54,1.1500000000000001,0.07944789622628173,0.056797557518274616,0.06959116118256117,0.063766006380982
0.768,0.0315,0.084,0.8255,0.6890000000000001,0.053000000000000005,0.09,0.949,0.058499999999999996,0.058499999999999996,0.052000000000000005,0.05700000000000001,1.75,1.9,1.45,1.22,0.0860665884772567,0.07393014771339813,0.0879934601251696,0.06819024070158372
0.996,0.033,0.08,0.663,0.9359999999999999,0.051500000000000004,0.09720000000000001,0.9359999999999999,0.05700000000000001,0.05500000000000001,0.053500000000000006,0.058499999999999996,1.8399999999999999,1.43,1.46,1.04,0.06672318892968099,0.0866781420211282,0.06376638811227367,0.0656585163287314
0.612,0.0327,0.08720000000000001,0.8645,0.8969999999999999,0.051500000000000004,0.0909,1.014,0.05550000000000001,0.05700000000000001,0.053500000000000006,0.05600000000000001,1.04,1.2,1.03,0.91,0.09704080198331641,0.06603243966580141,0.06451551724720399,0.05717255002033355
0.69,0.0303,0.084,0.962,0.7605,0.051500000000000004,0.09179999999999999,0.8580000000000001,0.057999999999999996,0.0505,0.051500000000000004,0.057999999999999996,1.05,1.55,1.04,1.06,0.08828091709429135,0.052572274417089254,0.07701949293080423,0.07280969922062813
0.9059999999999999,0.0303,0.08320000000000001,0.8320000000000001,1.0334999999999999,0.0505,0.0981,0.8710000000000001,0.054000000000000006,0.0595,0.05600000000000001,0.059,1.1,1.23,1.07,0.98,0.06419620021246551,0.0717099296128288,0.05984970355708783,0.06965279668066615
0.804,0.0312,0.0824,0.6890000000000001,0.7474999999999999,0.0505,0.0936,0.962,0.057999999999999996,0.057999999999999996,0.053000000000000005,0.05500000000000001,1.2,1.43,1.17,1.07,0.07942279734648994,0.08446924212561115,0.07873068597939935,0.0604919831030489
0.9299999999999999,0.0318,0.08720000000000001,0.663,0.8255,0.051000000000000004,0.0954,1.0725,0.052000000000000005,0.057499999999999996,0.057499999999999996,0.052500000000000005,1.8599999999999999,1.96,1.47,1.42,0.06632263993352236,0.0908876913107926,0.08013126734640671,0.05405457422657336
1.02,0.0324,0.0816,1.0205,0.767,0.051000000000000004,0.0909,0.6695000000000001,0.053500000000000006,0.059,0.05600000000000001,0.051000000000000004,1.51,1.77,1.22,1.32,0.05695115136577966,0.059346840290056296,0.08814838523985148,0.08297790642717673
0.9419999999999998,0.0312,0.0808,0.9165,0.9099999999999999,0.051000000000000004,0.09179999999999999,0.6890000000000001,0.05500000000000001,0.053000000000000005,0.052000000000000005,0.053000000000000005,1.87,1.43,1.5,1.07,0.06535252738801836,0.06040835304344984,0.0658080526160087,0.08072252635566736
0.756,0.0309,0.0816,1.0205,0.6695000000000001,0.0505,0.0909,0.6825000000000001,0.05550000000000001,0.051000000000000004,0.052500000000000005,0.0595,1.13,1.6400000000000001,1.12,1.12,0.07763573729074412,0.05003789179218847,0.09331521943431044,0.0956559700880372
0.996,0.0324,0.084,1.0594999999999999,1.0594999999999999,0.05450000000000001,0.09,1.0790000000000002,0.0595,0.052500000000000005,0.054000000000000006,0.056499999999999995,1.55,1.55,1.3800000000000001,1.04,0.06462614736843003,0.05050112812164159,0.05618788051822043,0.05548129489845218
0.714,0.03,0.08320000000000001,0.6955000000000001,0.7020000000000001,0.05450000000000001,0.09720000000000001,1.04,0.057499999999999996,0.057999999999999996,0.0595,0.052000000000000005,1.5,1.06,1.35,0.97,0.09075534070098043,0.08515023030445158,0.09121804752153362,0.050802871465991446
0.948,0.0312,0.08560000000000001,0.78,0.8450000000000001,0.051500000000000004,0.09179999999999999,0.7215000000000001,0.059,0.052000000000000005,0.05550000000000001,0.051000000000000004,1.19,1.52,1.18,1.17,0.06718809134317633,0.0667407711950923,0.075800345535746,0.0747277473121718
0.624,0.0312,0.0848,0.8255,0.78,0.053000000000000005,0.0945,0.962,0.056499999999999995,0.058499999999999996,0.058499999999999996,0.053000000000000005,1.01,1.31,1.0,1.07,0.09664184396465593,0.07096591570489806,0.08245623942272641,0.05729064913862751
0.888,0.0306,0.084,1.066,1.0530000000000002,0.051500000000000004,0.09179999999999999,1.0465,0.05450000000000001,0.05600000000000001,0.0595,0.057499999999999996,1.88,1.26,1.5,0.99,0.06797369026681735,0.055008956770896136,0.06118760033719701,0.05660876927796732
0.774,0.033,0.084,0.7150000000000001,0.6825000000000001,0.05,0.09720000000000001,0.7085000000000001,0.052000000000000005,0.051500000000000004,0.052000000000000005,0.0505,1.05,1.6600000000000001,1.04,1.28,0.07280761932744113,0.07211393736237241,0.0908455875778613,0.07703890087946265
1.008,0.0315,0.0864,0.9165,0.7150000000000001,0.051500000000000004,0.0981,1.066,0.05700000000000001,0.059,0.057499999999999996,0.053500000000000006,1.72,1.43,1.42,1.1600000000000001,0.06306256102875739,0.06645525645796371,0.08873525360219131,0.05271877893384169
0.87,0.0324,0.0864,0.8190000000000001,0.9165,0.051000000000000004,0.09179999999999999,1.0790000000000002,0.0505,0.054000000000000006,0.057499999999999996,0.053500000000000006,1.6,1.73,1.33,1.26,0.06509521830415395,0.06806265004873929,0.07021027551743735,0.05316695509640886
0.612,0.0306,0.08320000000000001,0.7410000000000001,1.0985,0.054000000000000006,0.09720000000000001,1.0530000000000002,0.05450000000000001,0.054000000000000006,0.051000000000000004,0.05,1.8399999999999999,1.83,1.53,1.27,0.1029962563513455,0.07707732073073813,0.05286559772996647,0.05114658854849277
0.996,0.0324,0.08720000000000001,0.7280000000000001,0.78,0.052500000000000005,0.0927,0.7150000000000001,0.057999999999999996,0.0505,0.052000000000000005,0.056499999999999995,1.87,1.69,1.6,1.1500000000000001,0.06747531147513447,0.07187332891942799,0.07921367371936051,0.0863744271304494
0.618,0.0327,0.0864,1.066,0.7280000000000001,0.053500000000000006,0.0981,1.0075,0.051000000000000004,0.057999999999999996,0.0505,0.053000000000000005,1.8399999999999999,1.38,1.42,1.03,0.09220328870608765,0.05830969589243363,0.07674540235202555,0.05573701627637784
1.002,0.0309,0.08,1.0725,0.9880000000000001,0.051500000000000004,0.0927,0.7735,0.0595,0.05,0.05600000000000001,0.053500000000000006,1.98,1.23,1.62,1.0,0.06547281506743488,0.04873632049400757,0.06305013315473564,0.07112017029224293
0.762,0.0309,0.08720000000000001,0.962,0.7085000000000001,0.052500000000000005,0.0954,1.0594999999999999,0.0595,0.05500000000000001,0.05600000000000001,0.0505,1.62,1.22,1.46,1.04,0.0859297557641086,0.058524043573867035,0.08570715690184082,0.04918597491916425
0.864,0.032100000000000004,0.0808,0.8645,1.04,0.052000000000000005,0.0927,0.8320000000000001,0.057999999999999996,0.051000000000000004,0.05500000000000001,0.05550000000000001,1.52,1.17,1.37,0.92,0.07368481280559878,0.06010817565203277,0.0580572545490837,0.06854398860495807
0.636,0.0309,0.0816,0.7865,0.9750000000000001,0.052000000000000005,0.09720000000000001,0.9425,0.052000000000000005,0.0595,0.053000000000000005,0.057499999999999996,1.47,1.55,1.23,1.1,0.09096143079947802,0.07821148633517663,0.06126384824636447,0.0645986329683558
0.66,0.0309,0.08320000000000001,0.7344999999999999,0.6565000000000001,0.05450000000000001,0.0981,0.7215000000000001,0.05450000000000001,0.059,0.057999999999999996,0.053500000000000006,1.38,1.79,1.23,1.35,0.09187231637123337,0.0820109255512634,0.1078595740776659,0.08225669918778888
0.8340000000000001,0.0303,0.0864,0.793,0.9229999999999999,0.052500000000000005,0.0927,0.9165,0.05600000000000001,0.053500000000000006,0.052500000000000005,0.051500000000000004,1.06,1.6800000000000002,1.05,1.19,0.07170483029761884,0.06754383830186651,0.06472821786306714,0.06033179561314113
0.792,0.0312,0.08560000000000001,1.0725,0.9099999999999999,0.051500000000000004,0.0945,0.6695000000000001,0.06,0.05550000000000001,0.05450000000000001,0.053500000000000006,1.8,1.8,1.53,1.3,0.0834276564275818,0.05381219805982844,0.07297111507210079,0.08659213281505748
0.9539999999999998,0.0327,0.08720000000000001,0.8969999999999999,0.9359999999999999,0.052000000000000005,0.0945,1.105,0.0505,0.05600000000000001,0.051000000000000004,0.052500000000000005,1.18,1.52,1.09,1.1,0.05719520821459157,0.06295394304248186,0.06007579601030335,0.050192996096274624
0.714,0.0324,0.0816,0.9750000000000001,1.0855,0.053500000000000006,0.0909,0.8515,0.05500000000000001,0.058499999999999996,0.056499999999999995,0.0505,1.67,1.81,1.34,1.29,0.08506224235643117,0.06278332375064342,0.06031524825331219,0.06369855904985967
0.612,0.0327,0.0864,1.014,1.066,0.053500000000000006,0.0936,0.962,0.06,0.051500000000000004,0.051500000000000004,0.054000000000000006,1.15,1.72,1.1400000000000001,1.1600000000000001,0.10382078008704868,0.05087786110308626,0.05492177331769241,0.06014445487979983
0.78,0.0327,0.084,0.7605,0.9359999999999999,0.053500000000000006,0.0954,0.9359999999999999,0.052000000000000005,0.053500000000000006,0.051500000000000004,0.053500000000000006,1.69,1.99,1.3900000000000001,1.32,0.07592898476290436,0.07328259253365804,0.06497520332779913,0.06347753021265545
0.798,0.033,0.0816,0.8710000000000001,0.9425,0.052000000000000005,0.0954,0.8190000000000001,0.05700000000000001,0.051000000000000004,0.053500000000000006,0.0505,1.19,1.75,1.18,1.28,0.07689401907909685,0.05862578679167013,0.06626103819040717,0.06629150808252275
0.894,0.0318,0.0864,0.9165,0.9815,0.0505,0.0909,0.9880000000000001,0.057499999999999996,0.05500000000000001,0.05450000000000001,0.06,1.33,1.73,1.26,1.1600000000000001,0.06975130885921324,0.06048769394776837,0.0628706595306678,0.06517267446390305
0.612,0.0312,0.0864,1.0205,1.0855,0.051000000000000004,0.0945,0.8125,0.05550000000000001,0.052000000000000005,0.057499999999999996,0.057999999999999996,1.03,1.77,1.02,1.25,0.09529988077619876,0.05103650383952137,0.06189773650038585,0.07629465717180947
0.9119999999999999,0.0309,0.0864,0.8125,0.7410000000000001,0.053500000000000006,0.0936,0.8515,0.05450000000000001,0.05600000000000001,0.052500000000000005,0.052500000000000005,1.6800000000000002,1.8399999999999999,1.42,1.27,0.06731054999412633,0.07104841350289123,0.08355458811385338,0.06871214725463005
0.702,0.0318,0.0816,0.9359999999999999,0.949,0.0505,0.099,0.806,0.05,0.052500000000000005,0.05450000000000001,0.0595,1.13,1.9300000000000002,1.08,1.33,0.0761961494907337,0.056430324215940325,0.06939068296768462,0.0808284008919695
0.9119999999999999,0.0309,0.08800000000000001,1.092,0.7605,0.052500000000000005,0.0954,0.8320000000000001,0.05700000000000001,0.058499999999999996,0.058499999999999996,0.054000000000000006,1.69,1.13,1.42,0.99,0.06837567731246434,0.0552793723214534,0.08467105971518175,0.06636280589831982
0.96,0.032100000000000004,0.08320000000000001,0.9880000000000001,0.793,0.05450000000000001,0.0945,0.8385,0.054000000000000006,0.05700000000000001,0.05450000000000001,0.059,1.9,1.78,1.46,1.19,0.06295137240573297,0.060622301624420866,0.08093909054283366,0.07769767634300134
0.9239999999999999,0.03,0.0824,1.0594999999999999,0.9295,0.052000000000000005,0.0954,0.78,0.054000000000000006,0.053500000000000006,0.0595,0.053000000000000005,1.03,1.01,1.02,0.9500000000000001,0.06135140966049491,0.05054347066921948,0.07008773481573378,0.06847879746619065
0.984,0.032100000000000004,0.0808,1.0205,0.7995,0.053500000000000006,0.0945,0.9035000000000001,0.052500000000000005,0.0595,0.052500000000000005,0.058499999999999996,1.74,1.5899999999999999,1.32,1.08,0.05878912501997615,0.060734347459509966,0.07476888820131225,0.0699509920766501
0.9239999999999999,0.032100000000000004,0.084,0.8775000000000001,0.7735,0.053000000000000005,0.0927,0.9229999999999999,0.05500000000000001,0.051500000000000004,0.06,0.058499999999999996,1.1,1.21,1.09,0.9600000000000001,0.06355332491471585,0.05875060126366767,0.0848360108553029,0.0658002823131064
0.618,0.0324,0.08,0.8125,1.0855,0.05,0.0927,0.9685,0.05450000000000001,0.06,0.056499999999999995,0.057499999999999996,1.47,1.88,1.22,1.29,0.09777201037924818,0.07658040477423894,0.05980774662038913,0.06397259161044633
1.014,0.0327,0.0816,0.8255,1.0205,0.052500000000000005,0.0927,0.9555,0.057999999999999996,0.05600000000000001,0.05500000000000001,0.05500000000000001,1.1400000000000001,1.27,1.11,0.97,0.06166188305594976,0.06802330142598557,0.05891405085925798,0.05956116722276571
0.762,0.0306,0.0864,0.754,1.0530000000000002,0.052000000000000005,0.0981,0.9815,0.051000000000000004,0.051000000000000004,0.057499999999999996,0.053500000000000006,1.67,1.37,1.45,1.1,0.07607356782814396,0.06978435327784493,0.06018518745632691,0.056372982014193225
0.684,0.0318,0.0808,1.0205,1.066,0.0505,0.09720000000000001,0.7150000000000001,0.052000000000000005,0.059,0.052500000000000005,0.051000000000000004,1.32,1.67,1.1300000000000001,1.26,0.08178828855742973,0.059169842872196336,0.05826338830765852,0.07534295267351475
0.6,0.0315,0.0848,0.6955000000000001,0.754,0.05450000000000001,0.0963,0.7280000000000001,0.059,0.058499999999999996,0.051500000000000004,0.058499999999999996,1.52,1.17,1.37,0.87,0.11163497288513843,0.0863149208312627,0.07671389891100157,0.08390741606719794
0.636,0.0306,0.08320000000000001,0.8190000000000001,0.8450000000000001,0.052000000000000005,0.09179999999999999,0.9425,0.058499999999999996,0.057499999999999996,0.05700000000000001,0.05550000000000001,1.35,1.05,1.28,0.88,0.10084515302718544,0.07095038657676936,0.07268226832878563,0.060197768702210795
0.888,0.033,0.0824,0.7474999999999999,1.0530000000000002,0.05450000000000001,0.0945,0.9099999999999999,0.059,0.056499999999999995,0.059,0.05500000000000001,1.71,1.92,1.42,1.33,0.07558011231603808,0.07838823214995079,0.0655173052505919,0.06590967263032256
0.876,0.0327,0.08800000000000001,0.806,0.6890000000000001,0.054000000000000006,0.09720000000000001,0.8190000000000001,0.051500000000000004,0.05450000000000001,0.05700000000000001,0.052000000000000005,1.25,1.26,1.17,1.06,0.06444707600881373,0.06820390757112647,0.09247471274436168,0.06592196337982227
0.6779999999999999,0.0327,0.08320000000000001,1.0270000000000001,0.767,0.051500000000000004,0.0936,0.8515,0.056499999999999995,0.059,0.054000000000000006,0.05450000000000001,1.02,1.54,1.01,1.1300000000000001,0.08817602700509547,0.05752067233934862,0.0800378557485534,0.06846370802278583
0.894,0.0306,0.08320000000000001,0.6565000000000001,1.066,0.05450000000000001,0.09179999999999999,0.7605,0.054000000000000006,0.051500000000000004,0.054000000000000006,0.054000000000000006,1.73,1.6800000000000002,1.48,1.1600000000000001,0.069804802334502,0.08095895099377387,0.05915185165780759,0.0758757470211529
0.9779999999999999,0.032100000000000004,0.08320000000000001,0.6695000000000001,0.9750000000000001,0.054000000000000006,0.09720000000000001,0.8775000000000001,0.0505,0.051500000000000004,0.054000000000000006,0.053500000000000006,1.5,1.25,1.3,0.99,0.05851642517928492,0.07853310540399241,0.06128425628242056,0.06298434411650933
0.708,0.0327,0.0824,0.9555,1.0270000000000001,0.05,0.0963,0.7605,0.051500000000000004,0.054000000000000006,0.053000000000000005,0.051000000000000004,1.05,1.83,1.03,1.34,0.07745252015728046,0.05664984481728898,0.06148620885389195,0.07198424908045896
0.876,0.0324,0.08320000000000001,0.8645,1.0270000000000001,0.051500000000000004,0.0936,0.9685,0.057999999999999996,0.05450000000000001,0.057999999999999996,0.05700000000000001,1.8,1.3900000000000001,1.48,1.06,0.07446052143654262,0.06574476577720108,0.0622649486230121,0.061206568855382816
0.69,0.033,0.0864,1.0465,1.0010000000000001,0.052500000000000005,0.0954,0.6825000000000001,0.0595,0.052000000000000005,0.052000000000000005,0.053500000000000006,1.15,1.62,1.1400000000000001,1.1600000000000001,0.09129375100643636,0.04976519207625141,0.061528425968813076,0.08341158152535158
0.684,0.0303,0.0808,0.9425,0.6695000000000001,0.052000000000000005,0.0927,1.0855,0.052000000000000005,0.051000000000000004,0.0505,0.053500000000000006,1.3,1.83,1.23,1.24,0.08188176841121694,0.05462038994898081,0.08595521854222736,0.05518767286545585
0.624,0.0312,0.08560000000000001,0.9685,1.092,0.053500000000000006,0.099,0.663,0.057999999999999996,0.057999999999999996,0.0505,0.052000000000000005,1.34,1.8,1.27,1.27,0.10069936374404094,0.06053176125214949,0.05682978721139005,0.0843624393107418
0.9359999999999999,0.0324,0.0824,1.0985,0.8969999999999999,0.05450000000000001,0.0909,0.8190000000000001,0.051000000000000004,0.0595,0.053500000000000006,0.057499999999999996,1.22,1.77,1.05,1.1600000000000001,0.05802201428150576,0.05497127454176676,0.06985175497917948,0.07672324759503713
0.948,0.032100000000000004,0.0848,0.8839999999999999,0.9099999999999999,0.052500000000000005,0.0981,0.9815,0.053000000000000005,0.056499999999999995,0.05550000000000001,0.059,1.1400000000000001,1.81,1.09,1.25,0.060199645645841834,0.06421010786821114,0.07038425133157272,0.06539293397981645
0.972,0.0306,0.0848,1.0790000000000002,0.9035000000000001,0.05450000000000001,0.0981,0.7215000000000001,0.054000000000000006,0.059,0.051000000000000004,0.053000000000000005,1.34,1.43,1.19,1.06,0.05954710361507115,0.055437624915323065,0.0652578224900556,0.07743077484022619
0.9239999999999999,0.0309,0.08800000000000001,1.105,0.962,0.051000000000000004,0.0963,0.7410000000000001,0.058499999999999996,0.058499999999999996,0.05600000000000001,0.0595,1.17,1.3599999999999999,1.1600000000000001,1.03,0.06719276233468537,0.052994955897711596,0.06620019148325795,0.0836605296712998
0.798,0.03,0.084,0.7995,1.066,0.052500000000000005,0.0954,1.105,0.052000000000000005,0.053500000000000006,0.05500000000000001,0.052000000000000005,1.1400000000000001,1.29,1.1400000000000001,1.03,0.07051315472252204,0.066916823014384,0.05589604409508453,0.04849174164935979
0.732,0.0303,0.084,1.0855,0.8450000000000001,0.0505,0.0963,1.0205,0.054000000000000006,0.051500000000000004,0.053500000000000006,0.05,1.05,1.02,1.04,0.9400000000000001,0.07736736082740456,0.04750374446049454,0.06793122699864862,0.0495294908741175
0.624,0.0318,0.08800000000000001,1.0725,0.8905000000000001,0.052500000000000005,0.0909,0.8775000000000001,0.052000000000000005,0.054000000000000006,0.052000000000000005,0.052000000000000005,1.92,1.83,1.54,1.25,0.09339789615252865,0.053892329986728674,0.06790640404769505,0.06478857348575014
0.87,0.0312,0.0824,1.0725,1.014,0.054000000000000006,0.0945,0.8839999999999999,0.059,0.052500000000000005,0.052000000000000005,0.05600000000000001,1.92,1.87,1.58,1.23,0.07490559186122123,0.05128151601769769,0.060194090400231964,0.06911706948879626
0.852,0.0303,0.0816,1.0075,0.6695000000000001,0.051500000000000004,0.09720000000000001,0.9359999999999999,0.058499999999999996,0.053500000000000006,0.053000000000000005,0.05600000000000001,1.45,1.77,1.34,1.25,0.07405559207309237,0.05379916722024874,0.0918711856871756,0.06633592367109986
0.858,0.032100000000000004,0.0824,1.0465,0.78,0.051500000000000004,0.09720000000000001,0.6565000000000001,0.0595,0.057999999999999996,0.05450000000000001,0.057999999999999996,1.28,1.37,1.19,1.05,0.07413664755953223,0.05597257285432442,0.08126436170556468,0.09288483316569722
0.66,0.0306,0.08720000000000001,0.793,0.7344999999999999,0.05450000000000001,0.0954,0.78,0.05450000000000001,0.0505,0.058499999999999996,0.05550000000000001,1.6099999999999999,1.24,1.48,1.01,0.09281645824141385,0.06509914341886451,0.08922767377284936,0.07397600776496864
0.864,0.0327,0.0848,0.9035000000000001,0.8190000000000001,0.053000000000000005,0.09720000000000001,0.8320000000000001,0.053000000000000005,0.05500000000000001,0.05550000000000001,0.05700000000000001,1.33,1.77,1.19,1.25,0.06669328194582022,0.06181503822967835,0.07983153161225785,0.0748705273010582
0.828,0.0312,0.08560000000000001,0.9229999999999999,1.0465,0.05450000000000001,0.09179999999999999,0.9359999999999999,0.056499999999999995,0.05500000000000001,0.05450000000000001,0.051500000000000004,1.42,1.23,1.31,0.9600000000000001,0.0743948462986769,0.06039055457614502,0.05684158679968062,0.05674937219980912
0.888,0.0306,0.0808,0.9099999999999999,0.7150000000000001,0.051000000000000004,0.0981,0.962,0.053000000000000005,0.052000000000000005,0.051500000000000004,0.054000000000000006,1.65,1.78,1.3900000000000001,1.27,0.06580149492602029,0.05887769916721159,0.08331381590583742,0.06178532402545175
0.828,0.0303,0.0848,0.8839999999999999,1.0790000000000002,0.052500000000000005,0.0963,1.04,0.053500000000000006,0.052500000000000005,0.05550000000000001,0.057499999999999996,1.78,1.35,1.5,1.01,0.0724664689792811,0.06163538833605013,0.0563117376834234,0.05739995964452148
0.9059999999999999,0.0306,0.08800000000000001,0.6955000000000001,0.9945,0.052000000000000005,0.099,0.7085000000000001,0.053000000000000005,0.057499999999999996,0.051500000000000004,0.053500000000000006,1.08,1.13,1.07,0.9400000000000001,0.06385248609124732,0.08275553138396573,0.058082648096759136,0.07720991291992425
0.8220000000000001,0.0318,0.08800000000000001,0.8775000000000001,0.6890000000000001,0.05500000000000001,0.0981,0.7215000000000001,0.057499999999999996,0.05450000000000001,0.05700000000000001,0.05450000000000001,1.62,1.9100000000000001,1.43,1.37,0.07778962559907113,0.06374064434364586,0.10277259360221491,0.0855423077617063
0.984,0.0306,0.0848,0.7344999999999999,1.014,0.05,0.0936,0.8385,0.052500000000000005,0.053500000000000006,0.052500000000000005,0.054000000000000006,1.08,1.21,1.07,0.9600000000000001,0.05769618147596857,0.07290561172387085,0.05703693007395064,0.06620908071671669
0.798,0.0315,0.0816,0.9685,0.8645,0.0505,0.099,0.6695000000000001,0.057999999999999996,0.058499999999999996,0.057499999999999996,0.0595,1.52,1.07,1.3,0.9400000000000001,0.07921921210181855,0.062045132457036516,0.07475091472160585,0.09040683691656591
0.69,0.0324,0.0824,0.6695000000000001,0.9035000000000001,0.051000000000000004,0.0927,0.7215000000000001,0.051000000000000004,0.057499999999999996,0.052000000000000005,0.056499999999999995,1.33,1.32,1.1500000000000001,0.98,0.08282045967282085,0.08789528204920521,0.0652302573488145,0.08170291788640922
0.894,0.0309,0.0848,0.7280000000000001,0.9425,0.05450000000000001,0.09179999999999999,0.7865,0.06,0.057499999999999996,0.052500000000000005,0.05450000000000001,1.63,1.25,1.43,0.92,0.07600720219703448,0.08094372488558776,0.06199746977078213,0.07212351352552565
0.786,0.0324,0.0816,1.0010000000000001,0.9359999999999999,0.0505,0.0909,1.092,0.05,0.052000000000000005,0.057499999999999996,0.054000000000000006,1.05,1.88,1.03,1.32,0.06747823000611824,0.05205917392064995,0.06939290850946628,0.05378672485837549
0.756,0.0318,0.0808,1.0465,0.8255,0.052500000000000005,0.0936,0.8320000000000001,0.057999999999999996,0.0505,0.05500000000000001,0.0505,1.25,1.83,1.24,1.33,0.08171057859539901,0.04831949676193805,0.07837332931298685,0.06641689053496894
0.882,0.0324,0.08800000000000001,0.8580000000000001,0.7215000000000001,0.05450000000000001,0.0945,0.7215000000000001,0.057499999999999996,0.06,0.0595,0.059,1.8399999999999999,1.04,1.48,0.88,0.07432043981546219,0.0732331707172598,0.09140355629239216,0.08385131497955918
0.648,0.0312,0.0816,0.793,1.066,0.054000000000000006,0.0954,0.6565000000000001,0.059,0.05500000000000001,0.052000000000000005,0.0595,1.6099999999999999,1.27,1.42,0.91,0.10185676846240044,0.07155003859529016,0.05585967431595204,0.09414960861085984
0.96,0.03,0.0808,0.6890000000000001,1.105,0.051000000000000004,0.0936,0.754,0.059,0.05700000000000001,0.052000000000000005,0.053000000000000005,1.88,1.05,1.54,0.88,0.07132014639300062,0.08611549847952316,0.05171357896802307,0.07148136330635957
0.708,0.032100000000000004,0.0864,0.8320000000000001,0.7605,0.054000000000000006,0.0945,1.0725,0.05550000000000001,0.06,0.0595,0.053500000000000006,1.38,1.99,1.23,1.4100000000000001,0.08646589445830996,0.0735685186495772,0.0905830977463741,0.05615717456641149
0.804,0.0324,0.0808,0.7474999999999999,0.9555,0.052000000000000005,0.09179999999999999,1.0594999999999999,0.05500000000000001,0.054000000000000006,0.05450000000000001,0.05500000000000001,1.8,1.54,1.45,1.1,0.0783743802340362,0.07579104759771668,0.06302939668150728,0.05492970124750282
0.9359999999999999,0.0327,0.0848,0.6890000000000001,1.0985,0.053000000000000005,0.0936,0.8125,0.05700000000000001,0.051500000000000004,0.052500000000000005,0.05500000000000001,1.96,1.88,1.6,1.26,0.07174852162163374,0.0785725619230264,0.05672434425517482,0.07330509706094816
0.948,0.0309,0.084,0.7085000000000001,1.0790000000000002,0.054000000000000006,0.09179999999999999,0.9295,0.057999999999999996,0.05600000000000001,0.06,0.05700000000000001,1.43,1.12,1.32,0.9,0.06833358087718429,0.0799822703490237,0.06019343587342541,0.0627861864639639
0.8220000000000001,0.0306,0.0848,0.7344999999999999,0.8320000000000001,0.051000000000000004,0.0981,0.8645,0.06,0.053000000000000005,0.05600000000000001,0.054000000000000006,1.08,1.75,1.07,1.3,0.07814420300982625,0.07224860275395208,0.07835500145592815,0.0675169497028566
0.654,0.0312,0.08,0.6955000000000001,0.6825000000000001,0.0505,0.0945,1.105,0.0595,0.05450000000000001,0.052500000000000005,0.0595,1.98,1.3,1.62,0.9500000000000001,0.10716314074974528,0.08370230809990332,0.08359240050919962,0.056842005876242815
0.9659999999999999,0.0312,0.0864,0.6955000000000001,0.8710000000000001,0.05500000000000001,0.0936,1.0594999999999999,0.05550000000000001,0.05700000000000001,0.05450000000000001,0.0505,1.8599999999999999,1.6800000000000002,1.51,1.21,0.06718711504952277,0.08545316057730268,0.07020828318222795,0.05138542616731389
1.002,0.0324,0.084,1.04,0.754,0.05450000000000001,0.0909,0.6955000000000001,0.052000000000000005,0.052000000000000005,0.051000000000000004,0.054000000000000006,1.43,1.22,1.25,0.9,0.055994334908281616,0.0508919390641838,0.07622701896698114,0.0813991831269182
0.63,0.0315,0.0808,0.754,0.754,0.053500000000000006,0.0981,0.7410000000000001,0.054000000000000006,0.057499999999999996,0.05700000000000001,0.053000000000000005,1.73,1.34,1.3900000000000001,1.1,0.09784998251749676,0.08050613854681396,0.08620828920024809,0.07462073287685571
0.666,0.0315,0.084,0.806,0.8320000000000001,0.053500000000000006,0.0945,0.8645,0.054000000000000006,0.0595,0.054000000000000006,0.06,1.8399999999999999,1.37,1.45,0.97,0.09318936546037218,0.0784537979548033,0.07262505898347724,0.07330876388705182
0.8340000000000001,0.032100000000000004,0.08720000000000001,0.9815,0.8969999999999999,0.053500000000000006,0.0945,0.7215000000000001,0.0595,0.05550000000000001,0.053000000000000005,0.0505,1.53,1.6099999999999999,1.3800000000000001,1.19,0.07794586749681243,0.05766680373956263,0.06927959817807869,0.07472937159550827
0.9299999999999999,0.0318,0.0824,0.7995,0.7085000000000001,0.0505,0.0927,1.105,0.05500000000000001,0.051500000000000004,0.051500000000000004,0.05550000000000001,1.26,1.54,1.22,1.09,0.06441988934061854,0.06468621851898437,0.0802953759243715,0.05405444734970696
0.798,0.0324,0.084,1.0010000000000001,0.8255,0.05,0.0927,0.78,0.051500000000000004,0.05500000000000001,0.06,0.053000000000000005,1.51,1.28,1.26,1.1,0.0703420891033708,0.0566216094486861,0.08116251340071584,0.06985104755451153
0.6,0.0318,0.08720000000000001,1.0334999999999999,0.78,0.054000000000000006,0.0936,0.949,0.0595,0.053000000000000005,0.054000000000000006,0.057499999999999996,1.51,1.69,1.43,1.1500000000000001,0.10793398930242905,0.05204052721539555,0.07911856201860001,0.06617743620635394
0.84,0.032100000000000004,0.0864,0.78,0.9165,0.0505,0.0936,0.6695000000000001,0.053000000000000005,0.05600000000000001,0.056499999999999995,0.052000000000000005,1.79,1.35,1.44,1.11,0.07234482580284322,0.0751531034160833,0.0706543265972772,0.08034927121560205
0.84,0.0306,0.0808,0.78,0.676,0.05,0.09720000000000001,0.754,0.051500000000000004,0.05600000000000001,0.057999999999999996,0.053500000000000006,1.47,1.62,1.25,1.29,0.0679799345512018,0.07352775003490286,0.10060344817066896,0.07602538794118532
0.9299999999999999,0.0318,0.08720000000000001,1.0010000000000001,0.9880000000000001,0.054000000000000006,0.099,0.7605,0.053000000000000005,0.052000000000000005,0.053000000000000005,0.054000000000000006,1.8599999999999999,1.4,1.52,1.06,0.06360863072157195,0.0541919197847934,0.06129767563053363,0.07423722848036765
0.684,0.0318,0.0816,0.8905000000000001,0.7605,0.053000000000000005,0.0936,0.6955000000000001,0.057999999999999996,0.054000000000000006,0.053500000000000006,0.054000000000000006,1.6400000000000001,1.79,1.42,1.26,0.09394856475855981,0.06275853356742024,0.08542761511348662,0.0856774695262371
0.612,0.0315,0.0824,0.8125,0.8839999999999999,0.052000000000000005,0.09,0.663,0.05550000000000001,0.05450000000000001,0.057499999999999996,0.05500000000000001,1.97,1.3,1.58,1.02,0.10500329330715712,0.07215626740460289,0.07403678493950364,0.08620379233502447
0.9179999999999999,0.0306,0.08800000000000001,0.9815,0.8839999999999999,0.051500000000000004,0.099,0.7280000000000001,0.054000000000000006,0.05600000000000001,0.054000000000000006,0.054000000000000006,1.65,1.5899999999999999,1.4100000000000001,1.21,0.06487439492186554,0.058633262308726515,0.07187568349738355,0.07869433387740842
0.792,0.032100000000000004,0.08720000000000001,0.8450000000000001,0.7735,0.053500000000000006,0.09720000000000001,1.0334999999999999,0.05700000000000001,0.056499999999999995,0.051000000000000004,0.05450000000000001,1.5699999999999998,1.81,1.3800000000000001,1.23,0.08024063883437234,0.0685965870122717,0.07570239270114838,0.058329835533998765
0.9239999999999999,0.0306,0.08,0.9555,0.8710000000000001,0.054000000000000006,0.099,0.767,0.053000000000000005,0.052500000000000005,0.057999999999999996,0.052000000000000005,1.9300000000000002,1.21,1.52,1.05,0.06418154853104147,0.05766851702954394,0.07459066257370453,0.06946712749970137
0.612,0.032100000000000004,0.0864,0.9945,0.6890000000000001,0.053500000000000006,0.09179999999999999,0.6890000000000001,0.05500000000000001,0.059,0.05550000000000001,0.052000000000000005,1.43,1.01,1.26,0.89,0.09793653831710354,0.0609029634932462,0.08913051493065481,0.07698577989993845
0.888,0.0303,0.0808,0.9750000000000001,1.04,0.05500000000000001,0.0909,1.0594999999999999,0.053000000000000005,0.051500000000000004,0.059,0.06,1.6800000000000002,1.31,1.4100000000000001,0.9400000000000001,0.0654421745587627,0.054501546270261755,0.06159793709810611,0.05899667687827133
0.9179999999999999,0.033,0.08560000000000001,0.7865,1.04,0.053000000000000005,0.0909,0.7020000000000001,0.053500000000000006,0.05550000000000001,0.05550000000000001,0.059,1.62,1.7,1.34,1.1400000000000001,0.06566389491905192,0.07287508906654964,0.06313971500713647,0.09018291996990639
0.78,0.0315,0.0864,1.0855,0.9035000000000001,0.051000000000000004,0.0909,0.8450000000000001,0.056499999999999995,0.053000000000000005,0.0595,0.052000000000000005,1.44,1.2,1.34,1.03,0.07806887668733725,0.049478944005091785,0.0722577547752668,0.06297884599614025
0.9539999999999998,0.0312,0.0816,1.092,0.7150000000000001,0.053500000000000006,0.099,0.6565000000000001,0.053000000000000005,0.056499999999999995,0.05600000000000001,0.05450000000000001,1.85,1.69,1.43,1.27,0.06118238471538789,0.05412626738143234,0.09567185497327824,0.09054648285579055
0.606,0.0303,0.0848,0.949,0.8969999999999999,0.053000000000000005,0.09179999999999999,0.6565000000000001,0.051000000000000004,0.0595,0.05550000000000001,0.051500000000000004,1.51,1.73,1.27,1.26,0.09247336996943732,0.06493895236362156,0.07451121666828905,0.08469769702200003
0.684,0.0303,0.08320000000000001,0.6565000000000001,0.8385,0.05450000000000001,0.0981,1.0205,0.05700000000000001,0.053000000000000005,0.05550000000000001,0.056499999999999995,1.24,1.65,1.23,1.17,0.0920048202108891,0.08084833515531394,0.0748255937139027,0.059796400626224065
0.702,0.033,0.0816,1.04,0.8450000000000001,0.051500000000000004,0.09720000000000001,0.65,0.051000000000000004,0.054000000000000006,0.05550000000000001,0.05600000000000001,1.65,1.83,1.32,1.32,0.07966094030150095,0.05436675280893613,0.08144033375315464,0.09425606983454833
0.738,0.0324,0.0864,1.0270000000000001,1.04,0.0505,0.0927,0.7344999999999999,0.05550000000000001,0.051000000000000004,0.059,0.053500000000000006,1.8,1.97,1.52,1.42,0.08334660791515111,0.05192493208775474,0.06879620982071062,0.07920524729620787
0.744,0.0303,0.08720000000000001,0.7280000000000001,0.6565000000000001,0.053000000000000005,0.09,0.8190000000000001,0.057999999999999996,0.057999999999999996,0.05500000000000001,0.05450000000000001,1.6400000000000001,1.01,1.45,0.8400000000000001,0.08884052819634641,0.08189702536384724,0.09104644807470072,0.06839856088783354
0.9119999999999999,0.0312,0.0848,0.65,0.793,0.053000000000000005,0.0954,1.0465,0.054000000000000006,0.05450000000000001,0.058499999999999996,0.052000000000000005,1.67,1.65,1.42,1.26,0.06848144369212693,0.08638369216182602,0.0827648007890083,0.053288224390647836
0.996,0.0324,0.0848,0.806,0.9165,0.052000000000000005,0.0909,0.9685,0.05450000000000001,0.05700000000000001,0.051500000000000004,0.05450000000000001,1.73,1.37,1.3900000000000001,0.98,0.06191328900607679,0.07335741294682788,0.06176739889333612,0.05903777319884672
0.9659999999999999,0.0312,0.0864,1.0205,1.014,0.051500000000000004,0.09179999999999999,0.793,0.056499999999999995,0.053000000000000005,0.05550000000000001,0.05,1.11,1.31,1.1,1.07,0.06185383632522984,0.051987956703659355,0.061053903681462685,0.06496883131130073
0.864,0.0312,0.0808,0.7995,0.9425,0.054000000000000006,0.09179999999999999,1.092,0.054000000000000006,0.053000000000000005,0.053500000000000006,0.054000000000000006,1.67,1.73,1.4000000000000001,1.17,0.07005583204639765,0.06848600031779178,0.0635700811086626,0.05346220203003817
0.732,0.0312,0.08,1.0530000000000002,0.7995,0.05450000000000001,0.09720000000000001,0.9229999999999999,0.053000000000000005,0.057999999999999996,0.05550000000000001,0.051000000000000004,1.9,1.11,1.44,0.9600000000000001,0.08045570264161375,0.05865087049249142,0.07563057050588255,0.056543543537810353
1.02,0.033,0.0808,1.0985,0.8385,0.05,0.0927,0.7605,0.05450000000000001,0.053500000000000006,0.057999999999999996,0.057499999999999996,1.47,1.04,1.25,0.9,0.057439116305112406,0.049742432353039406,0.07587277514153702,0.07699794434837381
0.9359999999999999,0.0327,0.08,0.9359999999999999,0.7605,0.0505,0.0945,0.7280000000000001,0.05450000000000001,0.052000000000000005,0.059,0.0505,1.51,1.27,1.29,1.1300000000000001,0.06345918969173799,0.05689024187393737,0.08747120422622284,0.07107440597410135
0.756,0.033,0.08560000000000001,0.8710000000000001,0.8710000000000001,0.051000000000000004,0.09179999999999999,0.7215000000000001,0.058499999999999996,0.059,0.05700000000000001,0.051000000000000004,1.3900000000000001,1.99,1.25,1.44,0.08488073683688668,0.0689918002597914,0.08018291669384195,0.078166767521012
0.672,0.0309,0.0816,0.676,0.793,0.053000000000000005,0.09720000000000001,1.0985,0.05500000000000001,0.0505,0.0505,0.051500000000000004,1.07,1.5699999999999998,1.06,1.1400000000000001,0.08833432436154737,0.07481130535070801,0.07082472565458975,0.05024903827430665
0.8340000000000001,0.0324,0.0808,0.9295,0.8255,0.053500000000000006,0.0981,0.9035000000000001,0.057999999999999996,0.058499999999999996,0.059,0.057499999999999996,1.28,1.5899999999999999,1.1600000000000001,1.19,0.07496952202585565,0.06376795798196315,0.08155051200468695,0.06799629146064427
0.732,0.0324,0.08720000000000001,0.9359999999999999,0.8320000000000001,0.052000000000000005,0.09179999999999999,0.9750000000000001,0.0595,0.05,0.053500000000000006,0.0505,1.96,1.5,1.6700000000000002,1.1300000000000001,0.09203055618790879,0.05630326099448504,0.07148158805257684,0.05480824504790759
0.78,0.032100000000000004,0.08320000000000001,1.0790000000000002,0.9945,0.051000000000000004,0.0945,0.663,0.056499999999999995,0.05450000000000001,0.051000000000000004,0.052000000000000005,1.6099999999999999,1.69,1.37,1.22,0.07873645947308226,0.052156551298657636,0.06152776287584281,0.08369319817836599
0.852,0.0312,0.0864,0.78,0.676,0.052000000000000005,0.0936,0.6890000000000001,0.057999999999999996,0.0505,0.052500000000000005,0.051000000000000004,1.76,1.95,1.56,1.3900000000000001,0.07724764453386902,0.06663805834728911,0.09712590731814419,0.08392503974424909
0.8999999999999999,0.03,0.08560000000000001,0.6955000000000001,0.9880000000000001,0.053500000000000006,0.099,1.014,0.057999999999999996,0.05600000000000001,0.06,0.05550000000000001,1.12,1.18,1.12,1.0,0.06998634884820232,0.0805176132278936,0.06593955876328167,0.05600339069483857
0.81,0.0309,0.0824,0.8905000000000001,1.0270000000000001,0.052500000000000005,0.0981,0.9425,0.05450000000000001,0.05600000000000001,0.05700000000000001,0.057999999999999996,1.34,1.09,1.22,0.91,0.0730893033525012,0.06374829563107658,0.06026475663920547,0.06277553703152085
0.636,0.03,0.0808,0.9750000000000001,0.9295,0.0505,0.0963,1.0725,0.052000000000000005,0.05700000000000001,0.052000000000000005,0.051000000000000004,1.34,1.32,1.19,1.05,0.08819551206563006,0.0596443720571279,0.06091447515723616,0.04924780540102242
0.612,0.0315,0.084,1.014,0.8905000000000001,0.053500000000000006,0.09720000000000001,0.8775000000000001,0.058499999999999996,0.05,0.053500000000000006,0.05700000000000001,1.53,1.88,1.44,1.27,0.10389671748996113,0.050120206619044316,0.07109065461370977,0.07157537406096615
0.9359999999999999,0.0315,0.08320000000000001,0.9815,1.0465,0.051000000000000004,0.0927,1.0790000000000002,0.05550000000000001,0.0595,0.052000000000000005,0.051500000000000004,1.99,1.69,1.51,1.2,0.06690461494053349,0.06411549257092795,0.05542656865179394,0.05074037801053055
0.9539999999999998,0.032100000000000004,0.08320000000000001,0.767,1.0270000000000001,0.053000000000000005,0.0936,1.014,0.05450000000000001,0.05550000000000001,0.0505,0.051500000000000004,1.67,1.65,1.3800000000000001,1.1500000000000001,0.06460703166838837,0.07471760152572593,0.055197206726987864,0.05409427175083426
0.9419999999999998,0.0318,0.0848,0.7605,0.663,0.05500000000000001,0.0909,0.8320000000000001,0.054000000000000006,0.051000000000000004,0.0595,0.057499999999999996,1.6800000000000002,1.7,1.44,1.2,0.06482919246568467,0.06902195452199135,0.10447029667544792,0.07651500506985957
0.6779999999999999,0.033,0.0864,1.092,0.9229999999999999,0.0505,0.0909,1.0985,0.053500000000000006,0.05550000000000001,0.052500000000000005,0.051500000000000004,1.23,1.52,1.1500000000000001,1.12,0.08430572731031176,0.05137972915466308,0.062463402882817806,0.04942425391087541
0.708,0.0315,0.08800000000000001,0.7995,0.8905000000000001,0.052500000000000005,0.0963,0.8645,0.057999999999999996,0.05700000000000001,0.05500000000000001,0.054000000000000006,1.22,1.85,1.21,1.31,0.08939652087461987,0.07139345040337078,0.07265331759388735,0.06825859153513981
0.9179999999999999,0.0327,0.0824,0.6890000000000001,0.9945,0.051000000000000004,0.0936,1.0270000000000001,0.051500000000000004,0.0505,0.057999999999999996,0.05450000000000001,1.02,1.5899999999999999,1.01,1.19,0.060662204687006845,0.07336754197405893,0.06488593843472204,0.055975667633934786
0.69,0.0306,0.08720000000000001,0.7215000000000001,0.7344999999999999,0.05,0.0909,1.0985,0.05,0.05500000000000001,0.06,0.052500000000000005,1.8399999999999999,1.65,1.49,1.27,0.08473753445968629,0.08052188145978595,0.09062403803907126,0.05125914733381404
0.996,0.0303,0.08800000000000001,0.7474999999999999,0.8190000000000001,0.05,0.0963,0.6825000000000001,0.0595,0.05700000000000001,0.05600000000000001,0.054000000000000006,1.5,1.06,1.3900000000000001,0.9600000000000001,0.06681663566886425,0.07716882840584795,0.07627246843976389,0.08025272449012551
0.798,0.0306,0.0824,0.6695000000000001,0.767,0.0505,0.0981,0.9099999999999999,0.054000000000000006,0.053000000000000005,0.054000000000000006,0.059,1.98,1.19,1.59,0.9500000000000001,0.08022436557396095,0.08387315262465783,0.07740958778279074,0.06709871829664492
0.882,0.0318,0.08560000000000001,0.9035000000000001,1.092,0.051500000000000004,0.09720000000000001,1.105,0.052500000000000005,0.059,0.053500000000000006,0.057499999999999996,1.44,1.73,1.22,1.19,0.06527521340619027,0.06682342896563373,0.054978866437795884,0.055498915725480324
0.69,0.0315,0.0824,0.6825000000000001,0.9099999999999999,0.052500000000000005,0.0909,1.0465,0.0505,0.05550000000000001,0.06,0.052500000000000005,1.48,1.49,1.26,1.1500000000000001,0.0828474884953996,0.08378003742470484,0.07249795365066164,0.05271727714585079
0.972,0.032100000000000004,0.08720000000000001,0.7280000000000001,1.0270000000000001,0.052000000000000005,0.0963,0.7280000000000001,0.05700000000000001,0.051500000000000004,0.05550000000000001,0.052000000000000005,1.5899999999999999,1.21,1.44,1.02,0.06630294714986373,0.07202701044994397,0.060604506764999566,0.07310607888962788
0.684,0.0312,0.08720000000000001,1.0985,0.8775000000000001,0.053000000000000005,0.09179999999999999,0.6565000000000001,0.056499999999999995,0.059,0.053500000000000006,0.0595,1.19,1.49,1.1600000000000001,1.03,0.08798873080203218,0.05392231769218488,0.07146274826924809,0.09646868096315832
0.702,0.032100000000000004,0.08720000000000001,1.0855,0.6825000000000001,0.052500000000000005,0.0954,0.9425,0.05700000000000001,0.056499999999999995,0.051500000000000004,0.059,1.21,1.9,1.19,1.24,0.08665466104780245,0.05219037043922805,0.08887089298063083,0.07100841818061626
0.8999999999999999,0.0312,0.0848,1.0010000000000001,0.8775000000000001,0.053000000000000005,0.0954,0.8969999999999999,0.0505,0.052000000000000005,0.053000000000000005,0.057999999999999996,1.94,1.98,1.52,1.3,0.06288857744716692,0.054728866725104026,0.07202625611818396,0.07212019037779631
0.984,0.0318,0.0816,1.0594999999999999,0.9359999999999999,0.053000000000000005,0.0909,1.0334999999999999,0.058499999999999996,0.051000000000000004,0.05600000000000001,0.057999999999999996,1.78,1.83,1.5,1.22,0.06504952755460143,0.049754777194071516,0.06809529964673537,0.06115351233581979
0.972,0.0309,0.0808,0.806,0.9295,0.053500000000000006,0.0927,0.8580000000000001,0.057499999999999996,0.0595,0.05500000000000001,0.051500000000000004,1.17,1.8900000000000001,1.11,1.32,0.06395622989980028,0.07421780453706554,0.06956133755862008,0.06579725417131137
0.9179999999999999,0.03,0.08800000000000001,1.0725,1.0075,0.05450000000000001,0.0945,0.8905000000000001,0.057999999999999996,0.0595,0.056499999999999995,0.0505,1.81,1.63,1.5,1.21,0.06972972125891555,0.05755716065996225,0.06374866513844736,0.06024079315451322
0.828,0.032100000000000004,0.0808,1.0205,0.9425,0.053000000000000005,0.09179999999999999,1.0075,0.05500000000000001,0.0595,0.053500000000000006,0.05500000000000001,1.9300000000000002,1.02,1.45,0.8200000000000001,0.07425918743176503,0.06192702999309345,0.060751685137913486,0.05581614314827935
0.63,0.0327,0.0816,0.9099999999999999,1.0594999999999999,0.051000000000000004,0.099,0.6565000000000001,0.053000000000000005,0.058499999999999996,0.056499999999999995,0.051500000000000004,1.6400000000000001,1.27,1.3,1.1,0.09350413532348924,0.06768101624554893,0.06105954675167177,0.08015254896118541
0.612,0.0318,0.08560000000000001,0.8580000000000001,1.0725,0.051000000000000004,0.0909,0.8905000000000001,0.06,0.05550000000000001,0.05700000000000001,0.058499999999999996,1.6,1.56,1.44,1.11,0.10918058430811502,0.06657530065810766,0.0598377608058972,0.06916473155689608
0.654,0.0309,0.0808,0.8905000000000001,0.9099999999999999,0.054000000000000006,0.0909,0.8775000000000001,0.059,0.052500000000000005,0.0505,0.05550000000000001,1.98,1.41,1.6300000000000001,0.9600000000000001,0.10240047278377283,0.06284935135365115,0.06189195272853125,0.06689152380464274
0.618,0.0312,0.08560000000000001,0.9880000000000001,1.0010000000000001,0.05450000000000001,0.09720000000000001,0.949,0.0595,0.059,0.05500000000000001,0.05700000000000001,1.32,1.17,1.26,0.91,0.10396301832465404,0.06027358089094271,0.05994638590438013,0.06188635287314591
0.714,0.0312,0.08320000000000001,0.8385,0.7020000000000001,0.052500000000000005,0.09,0.8775000000000001,0.056499999999999995,0.05600000000000001,0.054000000000000006,0.05500000000000001,1.35,1.33,1.26,0.99,0.08659107647326826,0.06759507107513117,0.0852987617836225,0.06622078350496893
0.762,0.033,0.0808,0.7410000000000001,0.767,0.054000000000000006,0.0909,0.9555,0.051500000000000004,0.052000000000000005,0.053500000000000006,0.051000000000000004,1.79,1.15,1.42,0.92,0.07763424593374456,0.07396568254571673,0.07562163553885931,0.05523560250470122
0.66,0.0324,0.084,1.0530000000000002,0.8969999999999999,0.0505,0.0909,1.04,0.053500000000000006,0.053500000000000006,0.054000000000000006,0.051000000000000004,1.75,1.79,1.43,1.28,0.08940855919812819,0.05349700836049638,0.06794708091777897,0.05298951697529793
0.858,0.0324,0.08320000000000001,0.8125,1.0725,0.051000000000000004,0.09720000000000001,1.0205,0.05700000000000001,0.056499999999999995,0.05600000000000001,0.05550000000000001,1.92,1.69,1.52,1.23,0.07633255334061802,0.07338278639907575,0.05885306583818161,0.057659192301992984
0.828,0.033,0.08720000000000001,0.9099999999999999,1.0465,0.051000000000000004,0.0909,0.8320000000000001,0.052000000000000005,0.05450000000000001,0.057999999999999996,0.05700000000000001,1.5,1.63,1.29,1.17,0.06924890214982121,0.061440731826661106,0.06327875168903856,0.07254761546298368
0.66,0.0327,0.08560000000000001,0.8969999999999999,0.7995,0.054000000000000006,0.09720000000000001,0.7215000000000001,0.054000000000000006,0.056499999999999995,0.057999999999999996,0.05700000000000001,1.13,1.44,1.11,1.11,0.0881840530466315,0.0631577379320731,0.08400861904904197,0.08342689413342018
0.96,0.0318,0.08720000000000001,0.676,0.9425,0.053500000000000006,0.099,1.066,0.053500000000000006,0.057499999999999996,0.052000000000000005,0.051000000000000004,1.13,1.08,1.11,0.92,0.06147193917528422,0.08521935845496668,0.05935316729685809,0.048798821346741315
0.8340000000000001,0.0309,0.0816,0.7474999999999999,0.7280000000000001,0.051500000000000004,0.09179999999999999,0.6955000000000001,0.059,0.0505,0.056499999999999995,0.053500000000000006,1.79,1.34,1.56,1.07,0.08046834606184025,0.06983013216239867,0.08852349497222425,0.08054480622622234
0.8340000000000001,0.0303,0.08320000000000001,0.8450000000000001,0.949,0.052500000000000005,0.0981,0.9035000000000001,0.051000000000000004,0.053500000000000006,0.06,0.05550000000000001,1.92,1.6800000000000002,1.52,1.27,0.06980678646916337,0.06669406009130842,0.07249206214492201,0.06541695642650096
